{
  "seeds": [
    42,
    123,
    456
  ],
  "per_seed": {
    "42": {
      "metrics": {
        "rmse": 1.2050129333371853,
        "mae": 0.8471131920814514,
        "r2": -0.029547906210745545,
        "pearson": 0.30879359360024095,
        "auc": 0.6899423312316517,
        "test_rmse": 1.7416295411139635,
        "test_mae": 1.0514638423919678,
        "test_r2": -0.7968731087654723,
        "test_pearson": 0.2532895733901847,
        "test_auc_roc": 0.687781336561643
      },
      "val_metrics": {
        "rmse": 1.2050129333371853,
        "mae": 0.8471131920814514,
        "r2": -0.029547906210745545,
        "pearson": 0.30879359360024095,
        "auc": 0.6899423312316517
      },
      "test_metrics": {
        "test_rmse": 1.7416295411139635,
        "test_mae": 1.0514638423919678,
        "test_r2": -0.7968731087654723,
        "test_pearson": 0.2532895733901847,
        "test_auc_roc": 0.687781336561643
      }
    },
    "123": {
      "metrics": {
        "rmse": 1.2556481072448602,
        "mae": 0.8730039596557617,
        "r2": -0.117889875373977,
        "pearson": 0.21083388851392665,
        "auc": 0.6688350808246138,
        "test_rmse": 1.7302365114909612,
        "test_mae": 1.0550657510757446,
        "test_r2": -0.7734409905910995,
        "test_pearson": 0.21240601047407934,
        "test_auc_roc": 0.6541574327597338
      },
      "val_metrics": {
        "rmse": 1.2556481072448602,
        "mae": 0.8730039596557617,
        "r2": -0.117889875373977,
        "pearson": 0.21083388851392665,
        "auc": 0.6688350808246138
      },
      "test_metrics": {
        "test_rmse": 1.7302365114909612,
        "test_mae": 1.0550657510757446,
        "test_r2": -0.7734409905910995,
        "test_pearson": 0.21240601047407934,
        "test_auc_roc": 0.6541574327597338
      }
    },
    "456": {
      "metrics": {
        "rmse": 1.2346938481960592,
        "mae": 0.8691849112510681,
        "r2": -0.08089046899281493,
        "pearson": 0.2884205460656319,
        "auc": 0.6749817837490213,
        "test_rmse": 1.6383502267152183,
        "test_mae": 0.9725129008293152,
        "test_r2": -0.5900811189270192,
        "test_pearson": 0.2167665216428203,
        "test_auc_roc": 0.6804385750003392
      },
      "val_metrics": {
        "rmse": 1.2346938481960592,
        "mae": 0.8691849112510681,
        "r2": -0.08089046899281493,
        "pearson": 0.2884205460656319,
        "auc": 0.6749817837490213
      },
      "test_metrics": {
        "test_rmse": 1.6383502267152183,
        "test_mae": 0.9725129008293152,
        "test_r2": -0.5900811189270192,
        "test_pearson": 0.2167665216428203,
        "test_auc_roc": 0.6804385750003392
      }
    }
  },
  "mean_std": {
    "validation": {
      "rmse": [
        1.231784962926035,
        0.02077380432661519
      ],
      "mae": [
        0.8631006876627604,
        0.011411873755030454
      ],
      "r2": [
        -0.07610941685917916,
        0.036223562529912684
      ],
      "pearson": [
        0.2693493427265998,
        0.04220433668671541
      ]
    },
    "test": {
      "rmse": [
        1.7034054264400478,
        0.046235516935401726
      ],
      "mae": [
        1.0263474980990093,
        0.03809519946952351
      ],
      "r2": [
        -0.7201317394278637,
        0.09245589564769228
      ],
      "pearson": [
        0.22748736850236143,
        0.018331554711627465
      ]
    }
  },
  "timestamp": 1756729017
}