{
  "seeds": [
    42,
    123,
    456
  ],
  "per_seed": {
    "42": {
      "metrics": {
        "rmse": 1.3064438653208787,
        "mae": 0.8483648300170898,
        "r2": -0.21016515591930274,
        "pearson": 0.3412893949301621,
        "auc": 0.690359244179797,
        "test_rmse": 2.4241679504363156,
        "test_mae": 1.1397371292114258,
        "test_r2": -2.481218007420048,
        "test_pearson": 0.22331549746961663,
        "test_auc_roc": 0.7386420550626814
      },
      "val_metrics": {
        "rmse": 1.3064438653208787,
        "mae": 0.8483648300170898,
        "r2": -0.21016515591930274,
        "pearson": 0.3412893949301621,
        "auc": 0.690359244179797
      },
      "test_metrics": {
        "test_rmse": 2.4241679504363156,
        "test_mae": 1.1397371292114258,
        "test_r2": -2.481218007420048,
        "test_pearson": 0.22331549746961663,
        "test_auc_roc": 0.7386420550626814
      }
    },
    "123": {
      "metrics": {
        "rmse": 1.245922782434051,
        "mae": 0.8496302366256714,
        "r2": -0.10064027504427897,
        "pearson": 0.2453961806300159,
        "auc": 0.6814361938852289,
        "test_rmse": 1.586624898534399,
        "test_mae": 0.9802885055541992,
        "test_r2": -0.4912632403617836,
        "test_pearson": 0.18867987930996544,
        "test_auc_roc": 0.6564715888278572
      },
      "val_metrics": {
        "rmse": 1.245922782434051,
        "mae": 0.8496302366256714,
        "r2": -0.10064027504427897,
        "pearson": 0.2453961806300159,
        "auc": 0.6814361938852289
      },
      "test_metrics": {
        "test_rmse": 1.586624898534399,
        "test_mae": 0.9802885055541992,
        "test_r2": -0.4912632403617836,
        "test_pearson": 0.18867987930996544,
        "test_auc_roc": 0.6564715888278572
      }
    },
    "456": {
      "metrics": {
        "rmse": 1.2450673530927907,
        "mae": 0.8473225235939026,
        "r2": -0.09912950001441323,
        "pearson": 0.31926721247252754,
        "auc": 0.683554334302659,
        "test_rmse": 1.9296920714536565,
        "test_mae": 1.032557487487793,
        "test_r2": -1.2058797602793825,
        "test_pearson": 0.2651793977669887,
        "test_auc_roc": 0.7334699632346192
      },
      "val_metrics": {
        "rmse": 1.2450673530927907,
        "mae": 0.8473225235939026,
        "r2": -0.09912950001441323,
        "pearson": 0.31926721247252754,
        "auc": 0.683554334302659
      },
      "test_metrics": {
        "test_rmse": 1.9296920714536565,
        "test_mae": 1.032557487487793,
        "test_r2": -1.2058797602793825,
        "test_pearson": 0.2651793977669887,
        "test_auc_roc": 0.7334699632346192
      }
    }
  },
  "mean_std": {
    "validation": {
      "rmse": [
        1.265811333615907,
        0.02873366103145847
      ],
      "mae": [
        0.8484391967455546,
        0.000943586303057224
      ],
      "r2": [
        -0.13664497699266498,
        0.0519902756442737
      ],
      "pearson": [
        0.3019842626775685,
        0.041011400060753406
      ]
    },
    "test": {
      "rmse": [
        1.980161640141457,
        0.34378285197679037
      ],
      "mae": [
        1.0508610407511394,
        0.06636882271616237
      ],
      "r2": [
        -1.3927870026870715,
        0.8230758295089676
      ],
      "pearson": [
        0.22572492484885695,
        0.031277234386061954
      ]
    }
  },
  "timestamp": 1756721942
}