{
  "seeds": [
    42,
    123,
    456
  ],
  "per_seed": {
    "42": {
      "metrics": {
        "rmse": 0.5237748781090557,
        "mae": 0.23982292413711548,
        "r2": 0.8054852899499927,
        "pearson": 0.8977106256734062,
        "auc": 0.9580965180806316,
        "test_rmse": 0.4678839949085394,
        "test_mae": 0.2353505939245224,
        "test_r2": 0.8703172536458526,
        "test_pearson": 0.9337376716031327,
        "test_auc_roc": 0.9610880501739313
      },
      "val_metrics": {
        "rmse": 0.5237748781090557,
        "mae": 0.23982292413711548,
        "r2": 0.8054852899499927,
        "pearson": 0.8977106256734062,
        "auc": 0.9580965180806316
      },
      "test_metrics": {
        "test_rmse": 0.4678839949085394,
        "test_mae": 0.2353505939245224,
        "test_r2": 0.8703172536458526,
        "test_pearson": 0.9337376716031327,
        "test_auc_roc": 0.9610880501739313
      }
    },
    "123": {
      "metrics": {
        "rmse": 0.46496514730687705,
        "mae": 0.2272036373615265,
        "r2": 0.8467134930946644,
        "pearson": 0.9206854869590032,
        "auc": 0.9612388064120244,
        "test_rmse": 0.4343319528504832,
        "test_mae": 0.2200632095336914,
        "test_r2": 0.8882495275601664,
        "test_pearson": 0.9427264571982503,
        "test_auc_roc": 0.9620949084696041
      },
      "val_metrics": {
        "rmse": 0.46496514730687705,
        "mae": 0.2272036373615265,
        "r2": 0.8467134930946644,
        "pearson": 0.9206854869590032,
        "auc": 0.9612388064120244
      },
      "test_metrics": {
        "test_rmse": 0.4343319528504832,
        "test_mae": 0.2200632095336914,
        "test_r2": 0.8882495275601664,
        "test_pearson": 0.9427264571982503,
        "test_auc_roc": 0.9620949084696041
      }
    },
    "456": {
      "metrics": {
        "rmse": 0.45605721973312485,
        "mae": 0.22644492983818054,
        "r2": 0.8525306366738928,
        "pearson": 0.9239462635278073,
        "auc": 0.960315884275595,
        "test_rmse": 0.4309641685560422,
        "test_mae": 0.22429193556308746,
        "test_r2": 0.8899758162184644,
        "test_pearson": 0.9453046501941975,
        "test_auc_roc": 0.962379506991168
      },
      "val_metrics": {
        "rmse": 0.45605721973312485,
        "mae": 0.22644492983818054,
        "r2": 0.8525306366738928,
        "pearson": 0.9239462635278073,
        "auc": 0.960315884275595
      },
      "test_metrics": {
        "test_rmse": 0.4309641685560422,
        "test_mae": 0.22429193556308746,
        "test_r2": 0.8899758162184644,
        "test_pearson": 0.9453046501941975,
        "test_auc_roc": 0.962379506991168
      }
    }
  },
  "mean_std": {
    "validation": {
      "rmse": [
        0.48159908171635246,
        0.030043703105463622
      ],
      "mae": [
        0.23115716377894083,
        0.006135441370457318
      ],
      "r2": [
        0.83490980657285,
        0.020941369323613058
      ],
      "pearson": [
        0.9141141253867389,
        0.011675166468246317
      ]
    },
    "test": {
      "rmse": [
        0.44439337210502156,
        0.01666718357604414
      ],
      "mae": [
        0.2265685796737671,
        0.006445327076431676
      ],
      "r2": [
        0.8828475324748278,
        0.00888822943680165
      ],
      "pearson": [
        0.9405895929985268,
        0.0049580500123592155
      ]
    }
  },
  "timestamp": 1756721521
}