{
  "seeds": [
    42,
    123,
    456
  ],
  "per_seed": {
    "42": {
      "metrics": {
        "rmse": 1.2502384435206924,
        "mae": 0.8488656282424927,
        "r2": -0.10827836420612935,
        "pearson": 0.34610903533358306,
        "auc": 0.6935885539620377,
        "test_rmse": 1.5786517935296034,
        "test_mae": 0.9853975772857666,
        "test_r2": -0.47631334574372475,
        "test_pearson": 0.2801144028251964,
        "test_auc_roc": 0.7005484481849138
      },
      "val_metrics": {
        "rmse": 1.2502384435206924,
        "mae": 0.8488656282424927,
        "r2": -0.10827836420612935,
        "pearson": 0.34610903533358306,
        "auc": 0.6935885539620377
      },
      "test_metrics": {
        "test_rmse": 1.5786517935296034,
        "test_mae": 0.9853975772857666,
        "test_r2": -0.47631334574372475,
        "test_pearson": 0.2801144028251964,
        "test_auc_roc": 0.7005484481849138
      }
    },
    "123": {
      "metrics": {
        "rmse": 1.2351392480595733,
        "mae": 0.6731078624725342,
        "r2": -0.08167046367784403,
        "pearson": 0.49714279630775726,
        "auc": 0.8371159535097175,
        "test_rmse": 1.1211175683445431,
        "test_mae": 0.6842856407165527,
        "test_r2": 0.25542549457110086,
        "test_pearson": 0.5778281267191783,
        "test_auc_roc": 0.8473407345574627
      },
      "val_metrics": {
        "rmse": 1.2351392480595733,
        "mae": 0.6731078624725342,
        "r2": -0.08167046367784403,
        "pearson": 0.49714279630775726,
        "auc": 0.8371159535097175
      },
      "test_metrics": {
        "test_rmse": 1.1211175683445431,
        "test_mae": 0.6842856407165527,
        "test_r2": 0.25542549457110086,
        "test_pearson": 0.5778281267191783,
        "test_auc_roc": 0.8473407345574627
      }
    },
    "456": {
      "metrics": {
        "rmse": 1.216674602604594,
        "mae": 0.7010679244995117,
        "r2": -0.049571480914149646,
        "pearson": 0.5331158617502165,
        "auc": 0.8312970672933169,
        "test_rmse": 1.2776552339661524,
        "test_mae": 0.7464127540588379,
        "test_r2": 0.03298511951130234,
        "test_pearson": 0.5367125643895582,
        "test_auc_roc": 0.8421637348264
      },
      "val_metrics": {
        "rmse": 1.216674602604594,
        "mae": 0.7010679244995117,
        "r2": -0.049571480914149646,
        "pearson": 0.5331158617502165,
        "auc": 0.8312970672933169
      },
      "test_metrics": {
        "test_rmse": 1.2776552339661524,
        "test_mae": 0.7464127540588379,
        "test_r2": 0.03298511951130234,
        "test_pearson": 0.5367125643895582,
        "test_auc_roc": 0.8421637348264
      }
    }
  },
  "mean_std": {
    "validation": {
      "rmse": [
        1.2340174313949532,
        0.013725322309076592
      ],
      "mae": [
        0.7410138050715128,
        0.07711226918424993
      ],
      "r2": [
        -0.07984010293270767,
        0.024001905505015412
      ],
      "pearson": [
        0.4587892311305189,
        0.08101907286953577
      ]
    },
    "test": {
      "rmse": [
        1.325808198613433,
        0.18986560651710999
      ],
      "mae": [
        0.8053653240203857,
        0.1298040926805185
      ],
      "r2": [
        -0.06263424388710719,
        0.30628715241187127
      ],
      "pearson": [
        0.4648850313113109,
        0.131726386194479
      ]
    }
  },
  "timestamp": 1756721740
}