{
  "seeds": [
    42,
    123,
    456
  ],
  "per_seed": {
    "42": {
      "metrics": {
        "rmse": 0.4331016841409123,
        "mae": 0.21529260277748108,
        "r2": 0.8670026787934925,
        "pearson": 0.9313126766335256,
        "auc": 0.9601841950052961,
        "test_rmse": 0.40998231742107344,
        "test_mae": 0.21515721082687378,
        "test_r2": 0.9004282659267575,
        "test_pearson": 0.9492593488377379,
        "test_auc_roc": 0.9631306954618257
      },
      "val_metrics": {
        "rmse": 0.4331016841409123,
        "mae": 0.21529260277748108,
        "r2": 0.8670026787934925,
        "pearson": 0.9313126766335256,
        "auc": 0.9601841950052961
      },
      "test_metrics": {
        "test_rmse": 0.40998231742107344,
        "test_mae": 0.21515721082687378,
        "test_r2": 0.9004282659267575,
        "test_pearson": 0.9492593488377379,
        "test_auc_roc": 0.9631306954618257
      }
    },
    "123": {
      "metrics": {
        "rmse": 0.4325991383526775,
        "mae": 0.21655109524726868,
        "r2": 0.8673111545989046,
        "pearson": 0.931624964386928,
        "auc": 0.96297590379617,
        "test_rmse": 0.4410826078893386,
        "test_mae": 0.21896351873874664,
        "test_r2": 0.8847487430677706,
        "test_pearson": 0.9412492756747091,
        "test_auc_roc": 0.9636959821432134
      },
      "val_metrics": {
        "rmse": 0.4325991383526775,
        "mae": 0.21655109524726868,
        "r2": 0.8673111545989046,
        "pearson": 0.931624964386928,
        "auc": 0.96297590379617
      },
      "test_metrics": {
        "test_rmse": 0.4410826078893386,
        "test_mae": 0.21896351873874664,
        "test_r2": 0.8847487430677706,
        "test_pearson": 0.9412492756747091,
        "test_auc_roc": 0.9636959821432134
      }
    },
    "456": {
      "metrics": {
        "rmse": 0.4064051991896077,
        "mae": 0.20497071743011475,
        "r2": 0.8828933170935658,
        "pearson": 0.9406807008551509,
        "auc": 0.9649632726385646,
        "test_rmse": 0.4185108519654568,
        "test_mae": 0.20872552692890167,
        "test_r2": 0.8962425554849685,
        "test_pearson": 0.9485147892395936,
        "test_auc_roc": 0.9671644929577576
      },
      "val_metrics": {
        "rmse": 0.4064051991896077,
        "mae": 0.20497071743011475,
        "r2": 0.8828933170935658,
        "pearson": 0.9406807008551509,
        "auc": 0.9649632726385646
      },
      "test_metrics": {
        "test_rmse": 0.4185108519654568,
        "test_mae": 0.20872552692890167,
        "test_r2": 0.8962425554849685,
        "test_pearson": 0.9485147892395936,
        "test_auc_roc": 0.9671644929577576
      }
    }
  },
  "mean_std": {
    "validation": {
      "rmse": [
        0.4240353405610658,
        0.012468080623483252
      ],
      "mae": [
        0.21227147181828818,
        0.005187916203477277
      ],
      "r2": [
        0.872402383495321,
        0.0074192791722070385
      ],
      "pearson": [
        0.9345394472918681,
        0.004344393122683605
      ]
    },
    "test": {
      "rmse": [
        0.42319192575862297,
        0.013121010014360347
      ],
      "mae": [
        0.21428208549817404,
        0.004225202348630738
      ],
      "r2": [
        0.8938065214931656,
        0.006628853871687901
      ],
      "pearson": [
        0.9463411379173469,
        0.003613298407484729
      ]
    }
  },
  "timestamp": 1756721207
}